Class,"L1","L2","L3"
ACC,0.83333,0.75,0.58333
AUC,0.8,0.65,0.58571
TPR,0.6,0.5,0.6
