{"Transpose": true, "Class-Stat": {"RACCU": {"L3": 0.21006944444444442, "L1": 0.1111111111111111, "L2": 0.04340277777777778}, "PLRI": {"L3": "Poor", "L1": "None", "L2": "Poor"}, "TNR": {"L3": 0.5714285714285714, "L1": 1.0, "L2": 0.8}, "PRE": {"L3": 0.4166666666666667, "L1": 0.4166666666666667, "L2": 0.16666666666666666}, "FDR": {"L3": 0.5, "L1": 0.0, "L2": 0.6666666666666667}, "MCEN": {"L3": 0.6875, "L1": 0.2643856189774724, "L2": 0.5}, "FPR": {"L3": 0.4285714285714286, "L1": 0.0, "L2": 0.19999999999999996}, "sInd": {"L3": 0.5854680534700882, "L1": 0.717157287525381, "L2": 0.6192113447068046}, "TPR": {"L3": 0.6, "L1": 0.6, "L2": 0.5}, "GM": {"L3": 0.5855400437691198, "L1": 0.7745966692414834, "L2": 0.6324555320336759}, "NLR": {"L3": 0.7000000000000001, "L1": 0.4, "L2": 0.625}, "dInd": {"L3": 0.5862367008195198, "L1": 0.4, "L2": 0.5385164807134504}, "TON": {"L3": 6, "L1": 9, "L2": 9}, "TP": {"L3": 3, "L1": 3, "L2": 1}, "MCC": {"L3": 0.1690308509457033, "L1": 0.6831300510639732, "L2": 0.25819888974716115}, "DPI": {"L3": "Poor", "L1": "None", "L2": "Poor"}, "P": {"L3": 5, "L1": 5, "L2": 2}, "NPV": {"L3": 0.6666666666666666, "L1": 0.7777777777777778, "L2": 0.8888888888888888}, "AGF": {"L3": 0.610088876086563, "L1": 0.7285871475307653, "L2": 0.6286946134619315}, "F2": {"L3": 0.5769230769230769, "L1": 0.6521739130434783, "L2": 0.45454545454545453}, "POP": {"L3": 12, "L1": 12, "L2": 12}, "PLR": {"L3": 1.4, "L1": "None", "L2": 2.5000000000000004}, "G": {"L3": 0.5477225575051661, "L1": 0.7745966692414834, "L2": 0.408248290463863}, "AM": {"L3": 1, "L1": -2, "L2": 1}, "AUCI": {"L3": "Poor", "L1": "Very Good", "L2": "Fair"}, "TN": {"L3": 4, "L1": 7, "L2": 8}, "FP": {"L3": 3, "L1": 0, "L2": 2}, "AUC": {"L3": 0.5857142857142856, "L1": 0.8, "L2": 0.65}, "AGM": {"L3": 0.5803410802752335, "L1": 0.8576400016262, "L2": 0.708612108382005}, "N": {"L3": 7, "L1": 7, "L2": 10}, "F1": {"L3": 0.5454545454545454, "L1": 0.75, "L2": 0.4}, "IBA": {"L3": 0.35265306122448975, "L1": 0.36, "L2": 0.27999999999999997}, "F0.5": {"L3": 0.5172413793103449, "L1": 0.8823529411764706, "L2": 0.35714285714285715}, "FOR": {"L3": 0.33333333333333337, "L1": 0.2222222222222222, "L2": 0.11111111111111116}, "FNR": {"L3": 0.4, "L1": 0.4, "L2": 0.5}, "DOR": {"L3": 1.9999999999999998, "L1": "None", "L2": 4.000000000000001}, "BCD": {"L3": 0.041666666666666664, "L1": 0.08333333333333333, "L2": 0.041666666666666664}, "RACC": {"L3": 0.20833333333333334, "L1": 0.10416666666666667, "L2": 0.041666666666666664}, "OP": {"L3": 0.5589430894308943, "L1": 0.5833333333333334, "L2": 0.5192307692307692}, "IS": {"L3": 0.26303440583379367, "L1": 1.2630344058337937, "L2": 0.9999999999999998}, "DP": {"L3": 0.1659665349982495, "L1": "None", "L2": 0.33193306999649924}, "ERR": {"L3": 0.41666666666666663, "L1": 0.16666666666666663, "L2": 0.25}, "J": {"L3": 0.375, "L1": 0.6, "L2": 0.25}, "GI": {"L3": 0.17142857142857126, "L1": 0.6000000000000001, "L2": 0.30000000000000004}, "ACC": {"L3": 0.5833333333333334, "L1": 0.8333333333333334, "L2": 0.75}, "TOP": {"L3": 6, "L1": 3, "L2": 3}, "Q": {"L3": 0.3333333333333333, "L1": "None", "L2": 0.6}, "MCCI": {"L3": "Negligible", "L1": "Moderate", "L2": "Negligible"}, "NLRI": {"L3": "Negligible", "L1": "Poor", "L2": "Negligible"}, "BM": {"L3": 0.17142857142857126, "L1": 0.6000000000000001, "L2": 0.30000000000000004}, "FN": {"L3": 2, "L1": 2, "L2": 1}, "PPV": {"L3": 0.5, "L1": 1.0, "L2": 0.3333333333333333}, "LS": {"L3": 1.2, "L1": 2.4, "L2": 2.0}, "Y": {"L3": 0.17142857142857126, "L1": 0.6000000000000001, "L2": 0.30000000000000004}, "CEN": {"L3": 0.6044162769630221, "L1": 0.25, "L2": 0.49657842846620864}, "MK": {"L3": 0.16666666666666652, "L1": 0.7777777777777777, "L2": 0.2222222222222221}}, "Actual-Vector": null, "Digit": 5, "Sample-Weight": null, "Matrix": [["L1", [["L2", 0], ["L3", 2], ["L1", 3]]], ["L2", [["L2", 1], ["L3", 1], ["L1", 0]]], ["L3", [["L2", 2], ["L3", 3], ["L1", 0]]]], "Overall-Stat": {"Cramer V": 0.5244044240850758, "Standard Error": 0.14231876063832777, "Overall J": [1.225, 0.4083333333333334], "RR": 4.0, "NIR": 0.4166666666666667, "SOA1(Landis & Koch)": "Fair", "Hamming Loss": 0.41666666666666663, "Lambda A": 0.42857142857142855, "Joint Entropy": 2.4591479170272446, "Zero-one Loss": 5, "TPR Micro": 0.5833333333333334, "ACC Macro": 0.7222222222222223, "AUNP": 0.6857142857142857, "F1 Micro": 0.5833333333333334, "P-Value": 0.18926430237560654, "Phi-Squared": 0.55, "Overall RACCU": 0.3645833333333333, "PPV Micro": 0.5833333333333334, "Kappa Unbiased": 0.34426229508196726, "Overall CEN": 0.4638112995385119, "Kappa 95% CI": [-0.07707577422109269, 0.7867531935759315], "Reference Entropy": 1.4833557549816874, "Kappa No Prevalence": 0.16666666666666674, "Kappa Standard Error": 0.2203645326012817, "Overall ACC": 0.5833333333333334, "AUNU": 0.6785714285714285, "Gwet AC1": 0.3893129770992367, "SOA3(Altman)": "Fair", "CBA": 0.4777777777777778, "Conditional Entropy": 0.9757921620455572, "Overall RACC": 0.3541666666666667, "Overall MCC": 0.36666666666666664, "Overall MCEN": 0.5189369467580801, "SOA6(Matthews)": "Weak", "TPR Macro": 0.5666666666666668, "95% CI": [0.30438856248221097, 0.8622781041844558], "Cross Entropy": 1.5833333333333335, "Kappa": 0.35483870967741943, "SOA4(Cicchetti)": "Poor", "PPV Macro": 0.611111111111111, "Chi-Squared": 6.6000000000000005, "SOA2(Fleiss)": "Poor", "Mutual Information": 0.5242078379544428, "Bennett S": 0.37500000000000006, "Pearson C": 0.5956833971812706, "KL Divergence": 0.09997757835164581, "Chi-Squared DF": 4, "F1 Macro": 0.5651515151515151, "RCI": 0.3533932006492363, "Lambda B": 0.16666666666666666, "Scott PI": 0.34426229508196726, "SOA5(Cramer)": "Relatively Strong", "Response Entropy": 1.5}, "Predict-Vector": null}