Class,"L1","L2","L3"
ACC,0.83333,0.75,0.58333
AUC,0.8,0.65,0.58571
AUCI,Very Good,Fair,Poor
F1,0.75,0.4,0.54545
TPR,0.6,0.5,0.6
FPR,0.0,0.2,0.42857
PPV,1.0,0.33333,0.5
TP,3,1,3
FP,0,2,3
FN,2,1,2
TN,7,8,4
N,7,10,7
P,5,2,5
POP,12,12,12
TOP,3,3,6
TON,9,9,6
